SNP,chr,pos,nsnp,PP.H0,PP.H1,PP.H2,PP.H3,PP.H4
rs10252876,7,69910470,126464,0.00110652219669554,0.413411103529805,0.00150363108597488,0.561775980766552,0.022202762420973
rs10875017,1,96483970,107306,0.00057209537004177,0.475428693552384,0.0005961129168044,0.495387746040633,0.0280153521201363
rs11672660,19,45676926,142343,6.15423999153874e-07,0.14871979163215,6.20087739726156e-07,0.149841876349682,0.701437096506429
rs12349206,9,76748758,139989,0.00206589123054471,0.330020381686506,0.00372124683900379,0.594458340741363,0.0697341395025824
rs17202840,20,52325657,138422,9.50390651866803e-12,0.162522278117356,4.82606710005859e-11,0.825285196351762,0.0121925254731176
rs197379,1,111749681,90629,0.00339312499550436,0.036383522702028,0.0765345698687138,0.820657847908804,0.0630309345249503
rs2277339,12,56752285,142999,0.0176472616764217,0.25439018229802,0.0166169395740871,0.23953450342615,0.471811113025321
rs592333,13,50766179,130034,1.50073961519913e-08,5.05589678637738e-08,0.223609050403946,0.753324561891285,0.0230663221384035
rs62048402,16,53769311,137578,2.61890108606973e-39,7.87695788160399e-05,1.62470476765267e-38,0.000481403500080189,0.999439826921111
rs7120537,11,28378090,147276,6.13989229473222e-10,0.25552469064374,1.67912473003525e-09,0.698803197506024,0.0456721095571225
