chr	pos	other_allele.outcome	effect_allele.outcome	SNP	pval.outcome	beta.outcome	se.outcome	eaf.outcome	id.outcome	outcome	mr_keep.outcome
1	96483970	C	T	rs10875017	0.471636	-0.00574083	0.00797538	0.606738	FinnGen_R13_I9_HEARTFAIL	Heart failure (FinnGen R13)	TRUE
1	111749681	T	C	rs197379	0.40454	0.00651716	0.00781865	0.460073	FinnGen_R13_I9_HEARTFAIL	Heart failure (FinnGen R13)	TRUE
7	69910470	A	G	rs10252876	0.640343	0.00472463	0.0101122	0.181006	FinnGen_R13_I9_HEARTFAIL	Heart failure (FinnGen R13)	TRUE
9	76748758	A	G	rs12349206	0.244717	0.011355	0.00976119	0.200654	FinnGen_R13_I9_HEARTFAIL	Heart failure (FinnGen R13)	TRUE
11	28378090	A	T	rs7120537	0.0560828	0.0148933	0.00779593	0.499872	FinnGen_R13_I9_HEARTFAIL	Heart failure (FinnGen R13)	TRUE
12	56752285	T	G	rs2277339	0.0536982	-0.0224711	0.0116475	0.129685	FinnGen_R13_I9_HEARTFAIL	Heart failure (FinnGen R13)	TRUE
13	50766179	A	G	rs592333	0.706584	-0.00297057	0.00789106	0.520846	FinnGen_R13_I9_HEARTFAIL	Heart failure (FinnGen R13)	TRUE
16	53769311	G	A	rs62048402	2.68065e-06	0.0370149	0.00788577	0.418071	FinnGen_R13_I9_HEARTFAIL	Heart failure (FinnGen R13)	TRUE
19	45676926	C	T	rs11672660	0.00207769	-0.0275098	0.00893495	0.258259	FinnGen_R13_I9_HEARTFAIL	Heart failure (FinnGen R13)	TRUE
20	52325657	C	T	rs17202840	0.584462	-0.00570757	0.0104366	0.167598	FinnGen_R13_I9_HEARTFAIL	Heart failure (FinnGen R13)	TRUE
