SNP	beta_mvp	se_mvp	beta_fg	se_fg	beta_meta	se_meta	p_meta	Q
rs62048402	-0.0834903104990254	0.00421831516752736	-0.0805172	0.00593013	-0.082491378326477	0.00343737321974643	2.89143147434551e-127	0.166904867428938
rs1421085	-0.082729647598996	0.00417721952059218	-0.0803858	0.00593155	-0.0819525950406774	0.00341529882024052	3.08124633792055e-127	0.104377085658682
rs11642015	-0.083381608939051	0.00421849515889115	-0.080566	0.00593025	-0.0824355673618765	0.00343749397976971	4.35874404591754e-127	0.149681266318056
rs1558902	-0.0834903104990254	0.00421833065120202	-0.0803022	0.00593008	-0.0824191234938228	0.00343737185979052	4.79048081500263e-127	0.191918757697147
rs55872725	-0.0830555751373258	0.00420665263516659	-0.0804485	0.00593017	-0.0821828523051272	0.00343106178372596	8.68126264509605e-127	0.128575014784631
rs56094641	-0.0830555751373258	0.00420767480014903	-0.0804179	0.00593164	-0.0821726146549027	0.00343190111435798	1.07323579148327e-126	0.131546179250517
rs17817449	-0.0819695628672507	0.00420484824946461	-0.0789573	0.00596562	-0.0809697563688212	0.00343690184774457	1.01665644735338e-122	0.170336676548464
rs62033400	-0.0821866709879471	0.00423521419142423	-0.0791338	0.00596595	-0.0811636955106625	0.00345348834668336	3.89611221821221e-122	0.174109679581809
rs3751812	-0.0822952427268302	0.00423889505816481	-0.0790119	0.00596613	-0.0811938120872632	0.0034555181615166	4.39208082013606e-122	0.201264900050863
rs8043757	-0.0821866709879471	0.00423438801882469	-0.0790318	0.00596593	-0.0811297862359699	0.00345303648610214	4.56654021172514e-122	0.185963594582492
rs62033405	-0.0822952427268302	0.00423940017602001	-0.0789964	0.00596621	-0.0811884569174836	0.0034558073288366	4.77099402598187e-122	0.203149784570981
rs56137030	-0.0820781110356069	0.00423423351260841	-0.079207	0.00596515	-0.0811161655490052	0.00345280144973706	4.82572020490518e-122	0.15404614673901
rs10468280	-0.0820781110356069	0.00423840633046446	-0.0792285	0.00596495	-0.0811220752738408	0.00345502412803104	6.61481038194291e-122	0.15165423502033
rs62033408	-0.0820781110356069	0.00423840633046446	-0.0792085	0.00596497	-0.0811153696252195	0.00345502801455523	6.92807936261621e-122	0.153789791139045
rs9923233	-0.0821866709879471	0.00424068427413671	-0.0790459	0.00596601	-0.0811324482848318	0.00345646388916607	7.75816603007223e-122	0.184118215000289
rs17817712	-0.0821866709879471	0.00423417523259893	-0.0787645	0.00596716	-0.0810406314012258	0.00345315951059952	8.54892423878456e-122	0.218757861703943
rs9936385	-0.0816439890405103	0.00420859929252199	-0.0788138	0.00596585	-0.0807035439262772	0.00343899333779926	8.82372687289079e-122	0.150270504258965
rs8050136	-0.0815354879825186	0.00420791535921496	-0.0790023	0.00596574	-0.0806938954729886	0.00343859908384326	8.84767417668295e-122	0.120402440351653
rs3751814	-0.0821866709879471	0.0042406542598662	-0.0789651	0.00596619	-0.0811053806914206	0.00345648263913361	9.35447298530504e-122	0.193706538030313
rs9939609	-0.0816439890405103	0.00421046906783029	-0.0788414	0.00596577	-0.0807121459858911	0.00343999793988623	9.77437734047164e-122	0.14731305282099
rs9935401	-0.0819695628672507	0.00423459257381801	-0.0791287	0.00596593	-0.0810178099860999	0.00345314741152382	9.96652684120683e-122	0.150782592883245
rs79994966	-0.0820781110356069	0.00423970642124363	-0.0791054	0.00596795	-0.0810810355323443	0.00345631130167919	1.07410289936863e-121	0.164895639754811
rs17817497	-0.0820781110356069	0.00423973957593175	-0.0790727	0.00596585	-0.081069585550338	0.00345592118812343	1.09102236778871e-121	0.168621283945992
rs8063057	-0.0820781110356069	0.00423989738680069	-0.0790767	0.00596587	-0.0810708824993396	0.0034560105440426	1.09696747891456e-121	0.168167785200942
rs11075989	-0.0822952427268302	0.00424162684205956	-0.0787139	0.00596641	-0.0810928910051448	0.00345705203632895	1.11518325757846e-121	0.239338462168379
rs9923312	-0.0821866709879471	0.00424068427413671	-0.0788751	0.00596595	-0.0810751031650426	0.00345645222107677	1.14373011070413e-121	0.204690721236389
rs8051591	-0.0819695628672507	0.00423557736113526	-0.0790975	0.00596595	-0.0810070639857269	0.0034536852435247	1.16839978668832e-121	0.154088042785151
rs7206122	-0.0820781110356069	0.0042382790517263	-0.0789564	0.00596717	-0.0810313462166127	0.00345538640203261	1.29931636962427e-121	0.181912575386026
rs17817964	-0.0820781110356069	0.00424603720289406	-0.0792059	0.00596489	-0.0811121751538579	0.00345914219932483	1.36486677697827e-121	0.153885271673305
rs11075991	-0.0820781110356069	0.00423683589377351	-0.0788612	0.00596607	-0.0809996479570296	0.00345439073461217	1.37522526457817e-121	0.193268486939498
rs9926289	-0.0820781110356069	0.00423691257859488	-0.0788617	0.00596607	-0.0809997896336441	0.0034544322964659	1.38303623907374e-121	0.193206067997642
rs11075990	-0.0820781110356069	0.00423683589377351	-0.0788563	0.00596606	-0.0809980028347398	0.0034543887935025	1.3902661606524e-121	0.193858140602575
rs72803697	-0.0821866709879471	0.00424212726971477	-0.0788463	0.00596603	-0.0810649491899288	0.00345724901099883	1.39139644051002e-121	0.208215221307226
rs7185735	-0.0821866709879471	0.00424212726971477	-0.0788404	0.00596598	-0.0810629554152168	0.0034572392810778	1.40818883684451e-121	0.208953726094931
rs11075988	-0.0820781110356069	0.00423683589377351	-0.0788424	0.00596603	-0.0809933356247142	0.00345438297013457	1.43376461723716e-121	0.195535797488641
rs7202116	-0.0821866709879471	0.00424212726971477	-0.0788336	0.00596612	-0.0810607069976624	0.00345726652444721	1.43608492735435e-121	0.209797284111346
rs11075992	-0.0820781110356069	0.00423691257859488	-0.0788425	0.00596603	-0.0809933430474112	0.00345442453170805	1.44322357991215e-121	0.195521338739048
rs66908032	-0.0820781110356069	0.00423814271354177	-0.0788649	0.00596606	-0.0810004442544723	0.00345509696273252	1.53078675864458e-121	0.192784712498428
rs62033399	-0.0818610264803205	0.00423428604470961	-0.0791358	0.00596603	-0.0809481226366454	0.00345300057424933	1.56419718487556e-121	0.138760945201866
rs7206410	-0.0820781110356069	0.00423691257859488	-0.0787263	0.00596704	-0.08095463882371	0.00345462056006326	1.93713459705347e-121	0.209769747362811
rs56313538	-0.0820781110356069	0.0042433467996606	-0.0788966	0.00596612	-0.0810093490456797	0.00345792657482281	2.26080780659798e-121	0.188841473085549
rs62033403	-0.0822952427268302	0.00424548865939593	-0.0785404	0.00596564	-0.0810329015995873	0.00345899179963357	2.28242635633766e-121	0.262974181879215
rs62033404	-0.0822952427268302	0.00424548865939593	-0.0785404	0.00596564	-0.0810329015995873	0.00345899179963357	2.28242635633766e-121	0.262974181879215
rs7193144	-0.0819695628672507	0.0042383309062274	-0.0789098	0.00596652	-0.0809434050901118	0.0034552882739342	2.32522187956679e-121	0.174788231649353
rs9972653	-0.0819695628672507	0.00423702439172328	-0.0786807	0.00596424	-0.080866463094664	0.00345413753323094	3.26520716032778e-121	0.202087118850209
rs7202296	-0.0821866709879471	0.00424214485476537	-0.0784459	0.00596987	-0.0809315584021185	0.00345800530875405	3.88042923461348e-121	0.260899242162418
rs9923147	-0.0794762015017968	0.00421072233985981	-0.0799552	0.00591536	-0.079637287662473	0.00343038780471647	3.19445607620429e-119	0.00435190266700534
rs9940646	-0.0793679353835727	0.00420583735952751	-0.0799573	0.00591541	-0.0795658299251349	0.00342775465708802	3.42634543497298e-119	0.00659345315844312
rs1421086	-0.0793679353835727	0.00420588487459623	-0.0799475	0.00591539	-0.0795625431142179	0.00342777648735693	3.51567036734481e-119	0.00637598357698151
rs9940278	-0.0793679353835727	0.0042068192603035	-0.0799674	0.00591589	-0.0795692619885345	0.00342837956800018	3.69360193715122e-119	0.00681957039221431
rs9940128	-0.0794762015017968	0.00421126667868131	-0.0799101	0.00591545	-0.0796221427217505	0.00343069966821369	3.7178756744395e-119	0.00357059531848933
rs1558901	-0.0793679353835727	0.00420603214581194	-0.0798963	0.00591393	-0.0795454174797728	0.00342757203948375	3.82368966038855e-119	0.00530082052687178
rs9930397	-0.0793679353835727	0.00420807636702001	-0.0799592	0.00591544	-0.0795666069527564	0.00342897224429447	4.12831914898931e-119	0.00663361689598323
rs9923544	-0.0793679353835727	0.00420939994033947	-0.0799552	0.00591531	-0.0795653510853078	0.00342966291914571	4.64133724294946e-119	0.00654297326171693
rs9939973	-0.0793679353835727	0.00420593810282477	-0.0798111	0.00591538	-0.0795167451995588	0.00342780335562202	4.81656119897907e-119	0.00372795707674668
rs199952722	-0.0795844793428424	0.00422217861829667	-0.0799612	0.00591546	-0.0797116241677611	0.00343659337528965	5.11978083788529e-119	0.00268685926398558
rs57292959	-0.0795844793428424	0.00422217861829667	-0.0799612	0.00591546	-0.0797116241677611	0.00343659337528965	5.11978083788529e-119	0.00268685926398558
rs28562191	-0.0795844793428424	0.00422318295952228	-0.0799686	0.00591552	-0.0797141608155918	0.00343714665158648	5.48885869575177e-119	0.002792966997254
rs9937521	-0.0795844793428424	0.00422474408863941	-0.079951	0.00591549	-0.0797082803734504	0.00343798221954893	6.51039833231092e-119	0.00254227134713518
rs9937354	-0.0793679353835727	0.00421430284140126	-0.0799991	0.00591621	-0.0795803937257482	0.00343248899374328	6.53371651053836e-119	0.00755031290665184
rs9928094	-0.0792596809856321	0.00420991395289627	-0.079973	0.00591646	-0.0794994482979855	0.00343016506779401	7.84774289920254e-119	0.00965000053259764
rs11075985	-0.0787185847114051	0.00418970101629918	-0.0800822	0.00591372	-0.0791742922910335	0.00341867607820724	1.17047396974803e-118	0.035400716301047
rs9930333	-0.0781777810640241	0.00415511876700442	-0.0798932	0.00591542	-0.0787445302431616	0.00340013323521743	1.17304856920338e-118	0.0563111265516724
rs1121980	-0.0780696554219226	0.00414972874070574	-0.0798378	0.00591403	-0.0786529930253171	0.00339691455537955	1.31742111749277e-118	0.059896070219714
rs9937053	-0.0792596809856321	0.00421734275602528	-0.0799538	0.00591567	-0.0794935825051503	0.00343402529757095	1.4946004801242e-118	0.00912828491322807
rs7187250	-0.0818610264803205	0.00424022115307943	-0.0739769	0.00605442	-0.0792665134240629	0.00347315114890296	2.73232064621538e-115	1.13771223044882
rs9931494	-0.0775292025092378	0.00421040755985074	-0.0786395	0.00594501	-0.0779000821679216	0.00343597042987663	8.47934604801085e-114	0.0232286569044897
rs9941349	-0.0769890415281357	0.00417597333627397	-0.0784555	0.00594604	-0.0774734362944422	0.00341737519735016	8.76915719762648e-114	0.0407336921591848
rs9933509	-0.0776372697271525	0.00421228312442049	-0.0783893	0.00594663	-0.0778885329855769	0.00343730246518215	1.11725899933064e-113	0.0106494996236926
rs8047587	-0.0792596809856321	0.00429000380287295	-0.0772723	0.00589932	-0.0785722406922504	0.00346959578352385	1.52992175302013e-113	0.0742336406387456
rs7201850	-0.0775292025092378	0.00421071924370773	-0.078311	0.00594859	-0.077790167629684	0.00343683065304293	1.9931781105527e-113	0.0115070544229867
rs9937709	-0.0775292025092378	0.00421055238081166	-0.0782473	0.00594596	-0.077769033074406	0.00343623252397757	2.09564612157374e-113	0.00971426152018031
rs7206629	-0.0775292025092378	0.0042101747698321	-0.0782267	0.00594591	-0.0777621278564291	0.00343601761971126	2.124071164408e-113	0.0091655631161274
rs72805611	-0.0781777810640241	0.00420113414120856	-0.0771259	0.00599522	-0.0778313648408886	0.00344049489088816	2.62423743981315e-113	0.0206458021932151
rs28567725	-0.0772050709089715	0.00420806485529596	-0.0786616	0.00594516	-0.0776912275426626	0.00343472581041278	2.79637803258967e-113	0.0399880779560195
rs9931900	-0.0775292025092378	0.00421783221621486	-0.0782998	0.00594596	-0.0777871595966127	0.00344018596974534	3.35328434842163e-113	0.0111736858205101
rs72805612	-0.078394067428012	0.004209873986951	-0.0768904	0.00599549	-0.0778975128699516	0.00344534148292187	3.49326658181519e-113	0.042128943900414
rs62033413	-0.0780696554219226	0.00419996715046334	-0.0767815	0.00599465	-0.0776455308901971	0.00343974616701699	7.97671961300474e-113	0.0309720442961793
rs7188250	-0.0778534392048641	0.00420504814673989	-0.0768693	0.00599558	-0.077528953578497	0.00344271179597823	2.65960372921072e-112	0.0180596800231963
rs12149832	-0.078394067428012	0.00423544155780424	-0.0768477	0.00599411	-0.0778791036882419	0.00345904878317099	2.98613405403352e-112	0.0443906961952589
rs12149574	-0.0782859183985442	0.00422829034205646	-0.0759829	0.00598608	-0.0775193357640222	0.00345361006477155	1.40380392941401e-111	0.0987476529638381
rs11075993	-0.0781777810640241	0.00422402788209898	-0.0759923	0.00598584	-0.0774512616538028	0.00345124023599671	1.54674208573888e-111	0.0889898996750762
rs72805613	-0.0781777810640241	0.00422696069850807	-0.0759913	0.00598584	-0.0774502555013176	0.00345283935122181	1.96668875677441e-111	0.0890302429082603
rs9922619	-0.0738618485984554	0.00417529540857063	-0.0770111	0.00592706	-0.0749063295215322	0.00341339001790732	9.69887647065066e-107	0.188683284541703
rs28429148	-0.0790432073404529	0.00431332194199805	-0.0712464	0.00588278	-0.07631716736002	0.00347848645258491	1.0846606593321e-106	1.14241862423255
rs62033406	-0.0785022281549575	0.0042436551938597	-0.0695863	0.00590815	-0.0754678534891896	0.00344669484556151	2.85382454845385e-106	1.50229625773556
rs9922708	-0.0735389033348702	0.00417280602658983	-0.0770042	0.00593005	-0.0746865134791451	0.0034125995890478	3.56924191550883e-106	0.228390694564235
rs9933040	-0.0734312780858829	0.00417470951114941	-0.0770429	0.00592793	-0.0746286491937286	0.00341323597320209	5.65995516603054e-106	0.248129574819833
rs9932754	-0.0735389033348702	0.00418073695776562	-0.0768596	0.00592779	-0.0746419825441834	0.00341650103272244	8.21188085324267e-106	0.209570533000598
rs9930501	-0.0735389033348702	0.00418073695776562	-0.0768585	0.00592778	-0.0746416196274164	0.00341649911817129	8.22879456591795e-106	0.209432184978183
rs9930506	-0.0730008928844903	0.00414617296020734	-0.0767128	0.00592722	-0.0742204492859324	0.00339745288055534	8.50149564799907e-106	0.26333231693851
rs11649091	-0.0735389033348702	0.00422190066342585	-0.0631774	0.00588542	-0.0700185288211234	0.00343052437354272	1.3504974391256e-92	2.04642398855471
rs8057044	-0.0664603667002698	0.00418806541886789	-0.0699678	0.00588587	-0.0676392866457601	0.00341238569691451	1.93460571201852e-87	0.235747351561545
rs17817288	-0.0671018035407359	0.00418083613154636	-0.0640836	0.00586986	-0.0660859815039176	0.003405354241614	6.80144857776732e-84	0.175404149411299
rs11642841	-0.0688143160003598	0.00419732385593877	-0.0610966	0.00594434	-0.0662466082172697	0.00342872018445776	3.57037594224642e-83	1.12483658014578
rs7206790	-0.0676366487158113	0.004303456104626	-0.0657652	0.00587719	-0.0669834633243993	0.00347215414530505	6.31680799536962e-83	0.0660054260287387
rs8047395	-0.0665672442721131	0.0043065530585539	-0.0643067	0.00587502	-0.0657771354983914	0.00347333188468095	5.57146634805522e-80	0.096303106553395
rs11646715	-0.0646451934935313	0.00414857009445025	-0.0632731	0.00588778	-0.0641899862412833	0.0033912851470386	6.71577678194737e-80	0.0362907557757115
rs11647020	-0.0646451934935313	0.00414891511155114	-0.0632741	0.00588821	-0.0641903118428737	0.00339155578394006	6.89850238389864e-80	0.0362323405832555
rs28432761	-0.0645385211375712	0.00415188821677244	-0.0633652	0.00588812	-0.0641488728326108	0.00339316204688095	1.03078423331899e-79	0.0265215182089231
rs8055197	-0.0648585723484964	0.00421855821792623	-0.0639305	0.00587168	-0.0645426112105042	0.00342600740277641	3.61620381250054e-79	0.0164773515919028
rs10852521	-0.0638987258502317	0.00417827882614184	-0.0639328	0.00587283	-0.0639101770188672	0.00340455081567741	1.28011636445972e-78	2.23501273539792e-05
rs1861866	-0.0638987258502317	0.00417924805096579	-0.06393	0.00587166	-0.0639092420521189	0.00340484700098102	1.32691794926995e-78	1.88299050207018e-05
rs9922047	-0.0637921330877794	0.00417982976232511	-0.0639294	0.00587165	-0.0638382989005706	0.00340515959020709	2.02830099022278e-78	0.000362718045436954
rs3751813	-0.0618754037180875	0.00416529781758766	-0.0635687	0.00589745	-0.062438964149742	0.00340226421037056	3.17131130327324e-75	0.0550023607632167
rs11075987	-0.0617690263976318	0.00415241101320941	-0.06168	0.0058715	-0.0617393448940712	0.00339025693879906	4.23587269349727e-74	0.000153251251205223
rs8044769	-0.0605996221289296	0.00430293757775965	-0.060214	0.00587756	-0.0604650618913033	0.00347195805639098	6.31980799213062e-68	0.00280251923215521
rs1861867	-0.0604933804289625	0.00445915094529162	-0.053723	0.00609734	-0.0581341323494781	0.00359932184056543	1.10990424330519e-58	0.803308449620729
rs12446228	-0.0523464803722092	0.00438116596290463	-0.0514018	0.00605293	-0.0520217098301294	0.00354904511894164	1.19844694029045e-48	0.0159838763874934
rs7190492	-0.0523464803722092	0.0043949122745606	-0.0515729	0.00605185	-0.0520793752008336	0.0035561214303475	1.4501514607378e-48	0.0106976236993787
rs4783819	-0.0512932943875506	0.00432994037274471	-0.051413	0.00605191	-0.0513338240009932	0.00352144926070775	3.9072576061304e-48	0.000258775492055518
rs1477196	-0.050661914802228	0.00429518775870533	-0.0513959	0.00605363	-0.0509076904429001	0.00350301212723659	7.53645888436052e-48	0.00977826565705799
rs2042031	-0.0516091337332302	0.00436580963723822	-0.0510135	0.00605164	-0.0514052469590351	0.00354060900281243	9.21643995119292e-48	0.00637145690496979
rs4783821	-0.0501360694937973	0.00443615236049264	-0.0508513	0.00609233	-0.0503838925463322	0.00358617315812726	7.75942596698455e-45	0.00900688929005072
rs2058908	-0.0525572507386761	0.00471643783430508	-0.0523885	0.00625876	-0.0524961303250768	0.00376667889988636	3.77579434566699e-44	0.000463664384768675
rs12149182	-0.0508723303737566	0.00452229101418018	-0.050148	0.0061055	-0.0506157252373422	0.0036340053277572	4.26040897796155e-44	0.00908834971220683
rs9932600	-0.0499258087697257	0.00445046565017718	-0.0495125	0.00608127	-0.0497816552630793	0.0035914479891729	1.08891542624044e-43	0.00300807683368155
rs8045332	-0.0500309336055649	0.00452283716556998	-0.0500675	0.00610439	-0.0500438928738502	0.00363405455596539	3.8188075183049e-43	2.31654486623196e-05
rs7187961	-0.0646451934935313	0.00593445468949513	-0.0546856	0.00650004	-0.0601174754081648	0.00438263105543689	8.00871434499837e-43	1.28044035838569
rs7200298	-0.0488751677821367	0.00452167926221072	-0.0486127	0.00612153	-0.0487825153966024	0.00363705848156432	5.0998513286542e-41	0.00118941414995099
rs7205859	-0.0469867912243369	0.00456707189942452	-0.050775	0.00606163	-0.048358543787036	0.00364762648860834	4.08078490822132e-40	0.249134566523653
rs113191842	-0.0754781411759567	0.00739744364405164	-0.0650917	0.00810421	-0.0707574869072689	0.00546359376319044	2.32752975263174e-38	0.895995090534723
rs4784323	-0.0356271776431512	0.00476363938387371	-0.0417689	0.0062294	-0.0378934347017028	0.00378403995608309	1.32272267257421e-23	0.613368678691177
rs17202840	0.0324671901375014	0.00563050503093773	0.0660593	0.00793829	0.0437105139517228	0.0045925688818718	1.77120584316257e-21	11.9134432132504
rs34442427	0.031498667059371	0.00551600165787616	0.0657258	0.00794107	0.0426382438580673	0.00453031196658941	4.87861933830824e-21	12.5311358321806
rs13040169	0.031498667059371	0.00557419305946497	0.0660579	0.00793829	0.0429115015039315	0.00456185704704905	5.12512508020822e-21	12.6938569401269
rs6063777	0.0324671901375014	0.00561212072811789	0.0637558	0.0079139	0.0429368362558255	0.00457786968129944	6.64640306080235e-21	10.4007404931709
rs6063776	0.0324671901375014	0.00560140308083297	0.0636485	0.00791335	0.04287537084671	0.00457194091321939	6.72765487875707e-21	10.3436907350947
rs10485622	0.031498667059371	0.00542160019336585	0.061223	0.00765194	0.0414332885652326	0.00442375595546637	7.5270579787192e-21	10.0463537580127
rs13043844	0.0334347760862374	0.00573006745753612	0.0627609	0.00802726	0.043333806222506	0.00466376136529078	1.51985804777855e-20	8.84153849622048
rs73137846	0.031498667059371	0.0055764093097953	0.0639649	0.00791057	0.0422763308683441	0.00455778824479278	1.7658206586499e-20	11.2524539828252
rs67442863	0.031498667059371	0.00553097134507662	0.0660769	0.00815379	0.042395342829492	0.00457725532476051	2.00308319772632e-20	12.3166899042985
rs17794906	0.031498667059371	0.00555402577112531	0.0636367	0.00791332	0.0421051863529484	0.00454606379103751	2.00827003406923e-20	11.0503592351562
rs55908802	0.031498667059371	0.00569852307693139	0.0652382	0.00802679	0.0428051779264252	0.00464661478568455	3.19743200544862e-20	11.7474349299787
rs35387498	0.031498667059371	0.0055814804170851	0.0656411	0.00816339	0.0423749798173337	0.00460748740135466	3.68143273617324e-20	11.9200298243629
rs138014006	0.031498667059371	0.00552301094520421	0.0603876	0.00772227	0.0412750838594913	0.00449230346459304	4.00378845159917e-20	9.25890017281135
rs55937320	0.031498667059371	0.00542484227817176	0.0642596	0.0081845	0.0414983468779278	0.00452175544150016	4.41273159268849e-20	11.131869929823
rs55650227	0.031498667059371	0.00557173508598855	0.0604884	0.00772307	0.0414221820389616	0.00451856598510439	4.85879258429289e-20	9.2667794233028
rs34492514	0.031498667059371	0.00548124217197453	0.0642618	0.00818452	0.0416432841137998	0.00455426535342779	6.02964446561179e-20	11.0627500656268
rs742760	0.0305292050348228	0.00556298545459491	0.0652858	0.00803042	0.0417998270536793	0.00457291986653663	6.20320080942315e-20	12.6581214788331
rs6091528	0.031498667059371	0.00547631796954836	0.0641552	0.00818816	0.0415915305782214	0.00455206529705782	6.42988129280839e-20	10.9902396465504
rs6096956	0.031498667059371	0.00551007056096941	0.0642601	0.00818444	0.0417165138335933	0.00457074736582348	7.05230073153548e-20	11.0257452517172
rs17202763	0.031498667059371	0.00553363733713423	0.0598007	0.00773823	0.0410746636129162	0.00450116370628278	7.15093219119718e-20	8.85075312717454
rs17794954	0.0305292050348228	0.00554793710693604	0.0648989	0.00802947	0.041635383739521	0.00456437554206169	7.38773853221043e-20	12.4015873543598
rs17202777	0.031498667059371	0.00554254668032883	0.0597163	0.00773813	0.0410666058712789	0.00450593503895227	7.94783255392704e-20	8.7886111586299
rs13045199	0.031498667059371	0.0055085566960499	0.0634157	0.00813212	0.041537443771361	0.0045607148529633	8.41772911899457e-20	10.559118382171
rs6096886	0.0305292050348228	0.00557639407609462	0.0636323	0.0079133	0.0415131793860983	0.00455830190145893	8.45675405332888e-20	11.6928720037366
rs6063771	0.031498667059371	0.00556088122443027	0.0597437	0.00773817	0.0411176838117177	0.00451577780073713	8.59981305575567e-20	8.78588528734995
rs6091529	0.031498667059371	0.0055018973477715	0.0638851	0.00818859	0.041571895114529	0.00456679904176126	8.78131248666266e-20	10.7772217055657
rs6096949	0.0305292050348228	0.00532622173327499	0.0642133	0.00818827	0.0405439599334236	0.00446477806142417	1.07734621805044e-19	11.8912284625047
rs17806224	0.031498667059371	0.00554115515721375	0.0636797	0.00818273	0.0416162632390383	0.00458814254472744	1.18586792310739e-19	10.6041704409437
rs35601305	0.031498667059371	0.0055587012153814	0.063507	0.00817236	0.0416231907936502	0.00459624597927543	1.35433497649725e-19	10.4879593789194
rs61160148	0.031498667059371	0.00570820025612569	0.0628409	0.00800032	0.0420717623971242	0.00464668749294223	1.37647258628033e-19	10.1702980587158
rs13037010	0.0305292050348228	0.00554175622802513	0.0630978	0.0080012	0.0410877752837242	0.00455573203825643	1.89955509743157e-19	11.197196529072
rs13039956	0.031498667059371	0.00557227219686649	0.0628551	0.00815904	0.0414722642037908	0.00460152353129503	2.009996017752e-19	10.0719562006528
rs73143347	0.031498667059371	0.00557787230768623	0.0628551	0.00815904	0.0414859328416588	0.00460467560486384	2.06953810260416e-19	10.0655178627616
rs13043303	0.031498667059371	0.00557818432028681	0.0628541	0.00815889	0.0414866260185101	0.00460482416832694	2.07218415828841e-19	10.0647694163208
rs13037630	0.031498667059371	0.00559864068104353	0.0629662	0.00816338	0.0415648738898017	0.00461712455061858	2.20979354203001e-19	10.1056290883545
rs35214430	0.031498667059371	0.00560559356825144	0.0630341	0.00816456	0.0416016475027873	0.0046212359401346	2.21083270066095e-19	10.1392328679065
rs35336680	0.031498667059371	0.00560049531534729	0.0629585	0.00816326	0.0415671464311532	0.00461814287914841	2.24005462963534e-19	10.0987453256727
rs56029106	0.031498667059371	0.00560559356825144	0.0629825	0.008164	0.0415860568744557	0.00462113438673493	2.27572677263728e-19	10.1070215303378
rs17806278	0.031498667059371	0.00558641762213474	0.0627537	0.0081612	0.0414708234710639	0.00460986897014701	2.33886935458632e-19	9.9871654524927
rs17806379	0.031498667059371	0.00557755977254429	0.0626483	0.00815862	0.0414200038525602	0.00460442427900885	2.3473880879587e-19	9.93424027138971
rs80211464	0.031498667059371	0.00557797636985573	0.0626501	0.00815875	0.0414213717494483	0.00460468201589127	2.35180423297197e-19	9.93469994815504
rs1473705	0.031498667059371	0.0055800455246292	0.0626455	0.00815863	0.0414251211979934	0.00460582424388028	2.3823330539101e-19	9.92961819404639
rs56188513	0.031498667059371	0.00559938472131982	0.0627856	0.00816114	0.0415126473653893	0.0046171363373351	2.4500333920564e-19	9.99284401848367
rs36069549	0.031498667059371	0.00559929187643667	0.0627811	0.00816115	0.0415109646055663	0.00461708609351236	2.45598469916309e-19	9.99005907394268
rs55907410	0.031498667059371	0.00559984826244566	0.0627833	0.00816115	0.0415130217506998	0.00461739802562064	2.4596044615727e-19	9.99082874506867
rs35794923	0.031498667059371	0.00559929187643667	0.0627781	0.00816115	0.0415100044215328	0.00461708609351236	2.46063658424524e-19	9.98814306311311
rs6021931	0.0305292050348228	0.00554263729640054	0.0646601	0.0081876	0.0412550117750238	0.00458984228757343	2.51018034171158e-19	11.9163904335476
rs73143363	0.031498667059371	0.00560387914933185	0.0627548	0.00816114	0.0415137076364153	0.00461965519852714	2.55642989638808e-19	9.96805525656389
rs67361331	0.031498667059371	0.00558270162147208	0.0625634	0.00816225	0.041399391536535	0.0046079692025945	2.60379379173472e-19	9.86837775856633
rs56188520	0.031498667059371	0.00563577027281525	0.0629777	0.00816372	0.0416587328883882	0.00463794581760912	2.6552241723113e-19	10.0695796150141
rs7120537	-0.0237805286654034	0.00436195192866339	-0.0453876	0.00587678	-0.0314557587256577	0.0035025728840309	2.68908212980019e-19	8.71616730050801
rs35388084	0.0305292050348228	0.00557819710020889	0.062781	0.0080004	0.0410793277147384	0.00457576288116272	2.76759699759417e-19	10.9351234125979
rs71828295	0.0305292050348228	0.00547138313585554	0.0636662	0.00818265	0.0407673288554022	0.00454828429878761	3.15297330207985e-19	11.3328527110877
rs6091546	0.0305292050348228	0.00547579339987781	0.0628544	0.00815904	0.0405675907559449	0.00454674319462286	4.56536276851836e-19	10.8220845912009
rs67844506	0.0305292050348228	0.00548050803582363	0.0628543	0.00815904	0.0405794763747241	0.0045494411458215	4.67714316583071e-19	10.816231123661
rs34320357	0.0305292050348228	0.00553044540999788	0.0630575	0.00816402	0.0407609510026907	0.00457876426532187	5.4763890160661e-19	10.8815516749563
rs13039859	0.0305292050348228	0.00553044540999788	0.0630563	0.00816402	0.0407605735437684	0.00457876426532187	5.48045895835115e-19	10.8807488280093
rs13039375	0.0305292050348228	0.00553101646648562	0.0630481	0.00816397	0.0407595280463104	0.00457907950046868	5.52215866431153e-19	10.8746483635238
rs6096951	0.0295588022415444	0.00540300938837676	0.0642616	0.00818456	0.0400918310084523	0.00450909855059021	6.03880520165124e-19	12.5212104555704
rs61338817	0.0227394869694893	0.00416171453923078	0.0449823	0.00587435	0.0301726052683004	0.00339586553587646	6.38632320993353e-19	9.54588461361291
rs13039775	0.0305292050348228	0.00556165985871273	0.0630477	0.00816397	0.0408370409143064	0.00459642236479099	6.41930066987969e-19	10.8365011896222
rs34570189	0.0305292050348228	0.00556500094239866	0.0630571	0.00816404	0.0408483603576779	0.00459832030008422	6.48927171951408e-19	10.8385110311008
rs147760011	0.0305292050348228	0.0055667370226817	0.0630599	0.00816401	0.0408536965084543	0.00459929421701305	6.53147587589567e-19	10.8382858415246
rs35935199	0.0305292050348228	0.0055667370226817	0.0630599	0.00816401	0.0408536965084543	0.00459929421701305	6.53147587589567e-19	10.8382858415246
rs35791721	0.0305292050348228	0.00557949823237991	0.0630563	0.00816402	0.0408848355798892	0.00460648535797652	6.96233591111129e-19	10.8201065337767
rs11672660	0.0285874568519125	0.00509779126801764	0.0488931	0.00676089	0.0359474803528242	0.00407038131228184	1.03302120669273e-18	5.75084751788199
rs1800437	0.0285874568519125	0.00507915399053846	0.048767	0.00676451	0.0358626679936707	0.00406165918843295	1.05087262426957e-18	5.69081112401642
rs10423928	0.0285874568519125	0.00512983379112872	0.0489925	0.0067595	0.0360446468498797	0.00408632982868156	1.13657585150122e-18	5.78237346386524
rs34783010	0.0285874568519125	0.00509476957043365	0.0486349	0.00676223	0.035846564509512	0.00406913465328646	1.25836862599462e-18	5.60651689764284
rs2238691	0.0285874568519125	0.00511683239806612	0.0487766	0.0067618	0.0359388177788755	0.00408025447953657	1.27416169383487e-18	5.66869706916342
rs13042290	0.031498667059371	0.00521363604294831	0.0481631	0.0074194	0.0370073062343395	0.00426575274428084	4.11933977371139e-18	3.37717406603844
rs35922256	0.031498667059371	0.00522939093806742	0.0475552	0.00740032	0.0368461726592136	0.00427071151847627	6.26294223343703e-18	3.13979145152673
rs6126634	0.031498667059371	0.00519293618864718	0.0433787	0.00701928	0.0357008844317951	0.00417467817381191	1.21215924918554e-17	1.85127180459304
rs6499640	-0.0239853627505113	0.00418784990686521	-0.0401875	0.00597592	-0.0293216266998134	0.00342955105952983	1.23410721211697e-17	4.92977835512341
rs13041661	0.031498667059371	0.00520806092785092	0.0433788	0.00701928	0.0357167302407365	0.00418252414640128	1.34785651841957e-17	1.84749073256309
rs34788820	0.031498667059371	0.00520975520567699	0.0433793	0.00701928	0.0357186777330992	0.00418340154428779	1.36340463061837e-17	1.84721945163294
rs7203521	-0.0241902388012177	0.00424796552549776	-0.0401605	0.00597551	-0.029551659872136	0.00346225400512694	1.39693336496208e-17	4.74493173823923
rs6126635	0.031498667059371	0.00521490780817603	0.0433787	0.00701928	0.0357238456366603	0.00418606800070255	1.41389980954132e-17	1.84573540810256
rs6126635	0.031498667059371	0.00521571975945817	0.0433787	0.00701928	0.0357246933780715	0.00418648792676531	1.42191297199903e-17	1.84553100103415
rs8126232	0.031498667059371	0.00521715255806679	0.0433787	0.00701928	0.0357261891970871	0.00418722877333609	1.43615487707059e-17	1.84517032975417
rs6126631	0.031498667059371	0.00522656909264997	0.04342	0.0070253	0.035746057488724	0.00419337361285162	1.53583866536423e-17	1.85358970827066
rs1916647	0.0305292050348228	0.00512908273104769	0.0434598	0.00702543	0.0350250126905606	0.00414254770202638	2.7921909963177e-17	2.20976872308004
rs12479995	0.0295588022415444	0.00527900293597878	0.0517358	0.0076993	0.0366505561622936	0.00435388240092145	3.83285596838895e-17	5.64355293489403
rs8183283	0.031498667059371	0.00537094363052993	0.0456493	0.00732262	0.0364485240309322	0.0043308674258986	3.89600459793651e-17	2.4281042381662
rs1916648	0.0305292050348228	0.00518232198112065	0.0434877	0.00702541	0.0350956177964416	0.0041704409370411	3.91805571697537e-17	2.20333708617669
rs35277443	0.0295588022415444	0.00530617362221163	0.0507032	0.00758158	0.0365106892054473	0.00434723795631835	4.5185388065208e-17	5.22077659199839
rs74498370	-0.0642185723266512	0.0103511284972235	-0.0646623	0.0114436	-0.0644182498396836	0.00767660140603381	4.7995219939961e-17	0.000826932905421853
rs6123193	0.0305292050348228	0.00521694603234733	0.0456783	0.00732283	0.0356294508708028	0.00424894552412734	5.05188655326617e-17	2.83886741409745
rs592333	-0.0288110818541196	0.00464597736894829	-0.033293	0.00595354	-0.0305074365942057	0.00366270257571028	8.13802766497894e-17	0.352230060515337
rs10875017	-0.0252152491410638	0.00432883594241177	-0.0371527	0.00602762	-0.0292771629411591	0.0035160530431645	8.3118251551245e-17	2.58761729858565
rs1555543	-0.0253178079842899	0.00427901847638715	-0.0363058	0.00602751	-0.0289998522553524	0.00348917920077253	9.46050666090534e-17	2.20962725251821
rs10747478	-0.0257281485727312	0.00440402635271116	-0.0361617	0.00601158	-0.0293720681461562	0.0035526869593654	1.36723417770089e-16	1.96020334462003
rs588660	-0.0259333820265044	0.00443081476216704	-0.0359911	0.00601154	-0.0294738469157331	0.00356669653918455	1.41312671581408e-16	1.81381319676548
rs8124744	0.0285874568519125	0.00496527436334105	0.0418824	0.00686913	0.0331500667077496	0.00402406660547353	1.75183739014042e-16	2.46044304715794
rs6679458	-0.0251127008150753	0.00431507039181758	-0.0361953	0.00602712	-0.0288683174270935	0.00350856600140751	1.90439196452566e-16	2.23535811258107
rs1996928	0.0285874568519125	0.00498409596283233	0.0418139	0.00686903	0.0331492321146264	0.00403404576905416	2.08020792443504e-16	2.428869404204
rs10489741	-0.0251127008150753	0.00432195871060506	-0.0361148	0.00602864	-0.0288476610919807	0.00351256659221504	2.16266620440385e-16	2.19988670933875
rs11165643	-0.0253178079842899	0.00435915948514023	-0.0358311	0.00601526	-0.0289378889556975	0.00352975191356993	2.43854036732235e-16	2.00286415965511
rs2277339	0.0392207131532813	0.00676179378643938	0.052291	0.0088601	0.0440313896759836	0.00537525586557379	2.579978959356e-16	1.37520496028096
rs1973993	-0.0246001168682327	0.0042653678806724	-0.03598	0.00602831	-0.0283966251854543	0.00348192052589838	3.47885078861223e-16	2.37470227933209
rs12042392	-0.0249076357061848	0.00434353628317096	-0.0355952	0.00601918	-0.0285672809949071	0.00352222793662619	5.03822926945808e-16	2.07315047915367
rs12349206	0.0344014267173323	0.00612817189921934	0.0435007	0.00738522	0.0381118886686362	0.00471600301521573	6.40294348104986e-16	0.899027161783188
rs11420612	0.0276151670329734	0.00460563709792723	0.0336164	0.00614095	0.029775565627925	0.00368453139379744	6.41138994095779e-16	0.611216322012699
rs7848492	0.0353671438372913	0.00633243900126682	0.0434304	0.00738094	0.0387858524842991	0.00480604122304211	7.01665310672958e-16	0.687433223317232
rs2181375	-0.0244976316004002	0.00431122217744872	-0.0355587	0.00601858	-0.0282485580272644	0.00350481235801936	7.63353423849256e-16	2.23220879177544
rs2038646	-0.0244976316004002	0.00431354572347156	-0.0355583	0.00601858	-0.0282510941015007	0.00350606038886016	7.76868964118379e-16	2.2312315479789
rs10869811	0.0344014267173323	0.00622245032583933	0.0434335	0.00738785	0.0381497093991332	0.00475927183394651	1.09359177507718e-15	0.874373350181695
rs11145038	0.0344014267173323	0.00624865297600732	0.0434076	0.00738303	0.0381602079995772	0.00476966647517465	1.23811356083988e-15	0.866990904468103
rs10252876	-0.0312842900397664	0.00567987454804957	-0.0452293	0.00756683	-0.0363098733099839	0.00454252994870159	1.31357809592151e-15	2.17234008012503
rs10266126	-0.0312842900397664	0.00567987454804957	-0.0451438	0.00756687	-0.0362790265499535	0.00454253860254944	1.38813358315121e-15	2.14576901862943
rs35887285	0.0353671438372913	0.00648740059769398	0.0425077	0.00738206	0.0384787239102936	0.00487306317680611	2.87515082737299e-15	0.527924221211637
rs197379	-0.0239853627505113	0.00434082889655641	-0.0322447	0.0058913	-0.0268915885029103	0.00349464618459644	1.41403602706289e-14	1.27388203096082
