SNP	bx1_fg	sx1_fg	bx1_meta	sx1_meta	bx2_bmi	sx2	by	sy
rs10252876	0.0513	0.0161	0.0363098733099839	0.00454252994870159	0.01	0.0023	0.005	0.0102
rs10875017	0.0411	0.0127	0.0292771629411591	0.0035160530431645	0.0207	0.0017	-0.0049	0.0079
rs11672660	-0.0449	0.0142	-0.0359474803528242	0.00407038131228184	-0.0341	0.0021	-0.0264	0.0097
rs12349206	-0.0264	0.0156	-0.0381118886686362	0.00471600301521573	-0.0039	0.0026	0.0063	0.0118
rs17202840	-0.0693	0.0166	-0.0437105139517228	0.0045925688818718	-0.0239	0.0022	-0.0178	0.01
rs197379	0.0364	0.0125	0.0268915885029103	0.00349464618459644	0.0136	0.0018	-0.0015	0.008
rs2277339	-0.0796	0.0187	-0.0440313896759836	0.00537525586557379	-0.0057	0.0029	-0.0143	0.0133
rs592333	0.0368	0.0126	0.0305074365942057	0.00366270257571028	-0.0011	0.0018	0.0037	0.0081
rs62048402	0.101	0.0125	0.082491378326477	0.00343737321974643	0.0745	0.0017	0.0452	0.008
rs7120537	-0.0539	0.0124	-0.0314557587256577	0.0035025728840309	0.004	0.0017	-0.0176	0.0079
