SNP	bx1	bx2	sx1	sx2	by	sy
rs10266126	0.0513	0.01	0.0161	0.0023	0.0058	0.0102
rs10500830	0.0237	-0.0065	0.0166	0.0021	-0.0018	0.0096
rs10788928	0.0106	-0.0029	0.014	0.0017	-0.0064	0.0079
rs10828248	0.0177	0.0193	0.0133	0.0019	0.0115	0.0083
rs10887584	0.0352	0.0124	0.0125	0.0017	0.0253	0.0078
rs1108895	0.027	-8e-04	0.0189	0.0029	0.0072	0.0124
rs11174406	0.0166	0.0124	0.0253	0.0033	0.0232	0.0147
rs11187830	0.0163	0.005	0.014	0.0019	0.0157	0.0083
rs11220863	-0.0094	1e-04	0.0125	0.0018	-0.0059	0.008
rs11784385	0.0569	-0.0014	0.0235	0.0027	-0.0174	0.0125
rs11794506	0.0484	0.0012	0.013	0.0019	0.0022	0.0083
rs12349206	-0.0264	-0.0039	0.0156	0.0026	0.0063	0.0118
rs12507026	0.0567	0.0324	0.0125	0.0016	0.0379	0.008
rs12543434	-0.0212	0.0036	0.0136	0.0018	-0.0052	0.008
rs12993161	0.0049	-0.007	0.0131	0.0018	-0.005	0.008
rs13028310	0.0312	0.0574	0.0168	0.0021	0.0415	0.0152
rs1320252	0.0057	-0.0164	0.0124	0.0017	-0.0155	0.008
rs13409834	-0.0042	0.0038	0.0125	0.0018	0.0035	0.0079
rs1379775	0.0402	0.0103	0.0141	0.0019	0.0099	0.0086
rs1397088	-0.0274	0.0025	0.021	0.0034	-0.0339	0.0154
rs1421085	0.1011	0.0745	0.0125	0.0017	0.0409	0.008
rs16894654	7e-04	-0.0077	0.0133	0.0018	-0.0047	0.0082
rs17400325	0.1093	-0.0074	0.0438	0.0041	-0.0018	0.0223
rs1765131	-0.0269	-0.0166	0.0135	0.0018	-0.0131	0.0095
rs1921800	-0.0161	-0.0073	0.0134	0.0019	-0.0097	0.0088
rs1928672	5e-04	-0.0088	0.0125	0.0018	0.0024	0.0079
rs2086144	0.0033	-0.004	0.0139	0.0018	-0.018	0.0082
rs2181441	7e-04	0.0098	0.0124	0.0017	0.0022	0.0078
rs2277339	-0.0796	-0.0057	0.0187	0.0029	-0.0143	0.0133
rs2289957	0.0253	6e-04	0.0125	0.0017	-0.0032	0.0079
rs2307111	-0.0282	-0.0261	0.0127	0.0017	-0.0121	0.0081
rs2343681	-0.0311	-0.0165	0.0147	0.0022	0.0303	0.0111
rs2461872	-0.0103	0.0022	0.0139	0.002	0.0033	0.0092
rs28665840	-0.0302	-0.0095	0.0141	0.0022	-0.0022	0.0098
rs2941484	0.0251	0.0075	0.0125	0.0017	0.0119	0.008
rs3848233	0.0017	0.0054	0.0139	0.0018	0.0156	0.0084
rs415024	-1e-04	-3e-04	0.013	0.0019	0.0084	0.0092
rs439291	0.0394	0.0036	0.0135	0.0019	-0.0059	0.0084
rs4473241	0.0276	0.0114	0.0141	0.0021	0.0021	0.0087
rs4506565	-0.0212	-0.0181	0.0155	0.0018	-0.0011	0.01
rs4517056	-0.0216	-0.0078	0.0125	0.0018	-0.0029	0.0079
rs4937829	-0.0168	-0.0072	0.0124	0.0018	3e-04	0.0083
rs518053	-0.0066	-0.0126	0.0128	0.0019	-0.0085	0.0085
rs55976766	-0.0083	0.007	0.018	0.0024	0.033	0.0107
rs56040772	0.0109	0	0.0146	0.0022	0.0018	0.0097
rs58829351	0.0098	0.0111	0.0234	0.0036	-0.0151	0.0171
rs592333	0.0368	-0.0011	0.0126	0.0018	0.0037	0.0081
rs59489841	-0.0077	-0.0104	0.0141	0.002	-0.0078	0.0088
rs6500132	0.036	-4e-04	0.0126	0.0018	-0.001	0.0081
rs6508355	0.0353	0.0062	0.0135	0.0018	-0.0052	0.0084
rs6698073	0.0194	0.0131	0.0131	0.0018	0.0034	0.0082
rs6724384	-0.0299	-0.0203	0.0124	0.0017	-0.0033	0.0079
rs6767671	0.0316	0.0156	0.0125	0.0017	0.0221	0.0079
rs6875730	0.0534	0.0132	0.0296	0.0034	0.0399	0.0264
rs6909726	0.0137	0.019	0.021	0.0029	0.0205	0.012
rs7170386	0.0231	0.0087	0.0124	0.0017	-0.0099	0.0078
rs7236870	-0.0278	-0.0102	0.0128	0.0018	-0.0014	0.0082
rs72737787	0.0208	0.011	0.0127	0.0018	0.0086	0.0082
rs73518846	-0.0177	-0.0083	0.0207	0.0037	-0.0123	0.0164
rs7555098	0.0193	0.0061	0.0135	0.0019	0.006	0.0087
rs76880877	-0.0288	-0.0361	0.0206	0.0024	-0.0027	0.0114
rs77061610	0.0458	0.0026	0.0269	0.0027	0.003	0.0133
rs7740107	0.0545	-0.0115	0.014	0.0019	-0.0176	0.0089
rs7809641	0.0141	0.0048	0.031	0.0034	0.0103	0.0167
rs8062544	0.0099	0.0043	0.0127	0.0019	0.0166	0.0083
rs928109	-0.0028	-3e-04	0.0125	0.0017	0.0012	0.0078
rs9515446	0.0053	0.0127	0.0124	0.0017	0.0214	0.0079
rs9989002	0.012	-8e-04	0.0138	0.0018	0.0158	0.0088
