SNP,ea,oa,eaf,b_osa,b_hf,r2_osa,r2_hf,correct
rs62048402,A,G,0.418071,0.0805172,0.0370149,0.000939331237645117,0.000165389303341709,TRUE
rs17202840,T,C,0.167598,-0.0660593,-0.00570757,0.000362569506361018,2.25495901717267e-06,TRUE
rs7120537,T,A,0.499872,0.0453876,0.0148933,0.000306715561983479,2.75141479929648e-05,TRUE
rs11672660,T,C,0.258259,-0.0488931,-0.0275098,0.000272724586707905,7.19311212177483e-05,TRUE
rs10875017,T,C,0.606738,0.0371527,-0.00574083,0.000196148655004995,3.90181582306674e-06,TRUE
rs10252876,G,A,0.181006,0.0452293,0.00472463,0.000180607099378948,1.64188793311081e-06,TRUE
rs2277339,G,T,0.129685,-0.052291,-0.0224711,0.000183798305590455,2.8278026245371e-05,TRUE
rs12349206,G,A,0.200654,-0.0435007,0.011355,0.000180757577648702,1.02610338002751e-05,TRUE
rs592333,G,A,0.520846,0.033293,-0.00297057,0.000164744796638824,1.0926932142047e-06,TRUE
rs197379,C,T,0.460073,0.0322447,0.00651716,0.000153815417168184,5.23495282583298e-06,TRUE
